                  epoch,         train/box_loss,         train/cls_loss,         train/dfl_loss,   metrics/precision(B),      metrics/recall(B),       metrics/mAP50(B),    metrics/mAP50-95(B),           val/box_loss,           val/cls_loss,           val/dfl_loss,                 lr/pg0,                 lr/pg1,                 lr/pg2
                      1,                 1.5122,                 2.7677,                 1.5244,                0.72403,                0.33327,                0.38243,                0.23633,                0.30167,                 19.571,                0.27473,              0.0033325,              0.0033325,              0.0033325
                      2,                 1.4165,                  1.692,                 1.4116,                0.56716,                0.34133,                0.40418,                0.26305,                0.29869,                 6.2327,                0.27275,              0.0066526,              0.0066526,              0.0066526
